{
    "binary_th": 48,
    "contour_size_low_th": 4,
    "contour_area_low_th": 6.0000000000000002e-05,
    "contour_area_high_th": 8.4999999999999995e-04,
    "bar_area_low_th": 1.2000000000000000e-04,
    "bar_area_high_th": 1.8300000000000000e-03,
    "angle_high_th": 34.0,
    "aspect_ratio_low_th": 2.3999999999999999e+00,
    "aspect_ratio_high_th": 8.8000000000000007e+00,
    "angle_diff_th": 2.4231000000000002e+01,
    "length_diff_th": 5.8000000000000003e-02,
    "height_diff_th": 4.4999999999999999e-04,
    "area_diff_th": 3.3999999999999999e+00,
    "center_dist_low_th": 2.9000000000000001e-02,
    "center_dist_high_th": 5.4600000000000000e+00
}
