{
    "binary_th": 19,
    "contour_size_low_th": 3,
    "contour_area_low_th": 6.9999999999999994e-05,
    "contour_area_high_th": 1.1900000000000001e-03,
    "bar_area_low_th": 3.0000000000000001e-05,
    "bar_area_high_th": 8.3000000000000001e-04,
    "angle_high_th": 2.0699999999999999e+01,
    "aspect_ratio_low_th": 1.3999999999999999e+00,
    "aspect_ratio_high_th": 8.8000000000000007e+00,
    "angle_diff_th": 9.5730000000000004e+00,
    "length_diff_th": 1.4399999999999999e-01,
    "height_diff_th": 8.8999999999999995e-04,
    "center_y_dist": 1.7100000000000001e-01,
    "area_diff_th": 2.8100000000000003e-01,
    "center_dist_low_th": 2.3000000000000000e-02,
    "center_dist_high_th": 6.5490000000000004e+00
}
