{
    "binary_th": 22,
    "contour_size_low_th": 4,
    "contour_area_low_th": 1.2000000000000000e-04,
    "contour_area_high_th": 1.1900000000000001e-03,
    "bar_area_low_th": 1.6000000000000001e-04,
    "bar_area_high_th": 1.0900000000000000e-03,
    "angle_high_th": 2.2199999999999999e+01,
    "aspect_ratio_low_th": 0.0,
    "aspect_ratio_high_th": 7.2000000000000002e+00,
    "angle_diff_th": 7.8900000000000003e-01,
    "length_diff_th": 1.7399999999999999e-01,
    "height_diff_th": 7.1999999999999995e-02,
    "area_diff_th": 1.0,
    "center_dist_low_th": 5.1999999999999998e-02,
    "center_dist_high_th": 2.6530000000000000e+00
}
