{
    "binary_th": 27,
    "contour_size_low_th": 3,
    "contour_area_low_th": 1.9999999999999999e-06,
    "contour_area_high_th": 6.4999999999999997e-04,
    "bar_area_low_th": 3.1000000000000000e-06,
    "bar_area_high_th": 7.2999999999999996e-04,
    "angle_high_th": 34.0,
    "aspect_ratio_low_th": 1.3999999999999999e+00,
    "aspect_ratio_high_th": 8.8000000000000007e+00,
    "angle_diff_th": 2.4231000000000002e+01,
    "length_diff_th": 1.1000000000000000e-01,
    "height_diff_th": 4.4999999999999999e-04,
    "center_y_dist": 2.4600000000000000e-01,
    "area_diff_th": 3.3999999999999999e+00,
    "center_dist_low_th": 2.9000000000000001e-02,
    "center_dist_high_th": 5.4600000000000000e+00
}