{
    "binary_th": 82,
    "contour_size_low_th": 3,
    "contour_area_low_th": 3.0000000000000001e-05,
    "contour_area_high_th": 3.2000000000000003e-04,
    "bar_area_low_th": 0.0,
    "bar_area_high_th": 1.2800000000000001e-03,
    "angle_high_th": 5.3399999999999999e+01,
    "aspect_ratio_low_th": 1.3999999999999999e+00,
    "aspect_ratio_high_th": 8.8000000000000007e+00,
    "angle_diff_th": 2.4231000000000002e+01,
    "length_diff_th": 6.4000000000000001e-02,
    "height_diff_th": 9.2000000000000003e-04,
    "area_diff_th": 2.5000000000000000e+00,
    "center_dist_low_th": 0.0,
    "center_dist_high_th": 6.5490000000000004e+00
}
