{
    "binary_th": 66.0,
    "contour_size_low_th": 10,
    "rect_ratio_low_th": 3.1600000000000000e-01,
    "rect_ratio_high_th": 3.3119999999999998e+00,
    "contour_center_area_low_th": 108.0,
    "contour_center_area_high_th": 281.0,
    "rect_center_ratio_low_th": 1.7899999999999999e-01,
    "rect_center_ratio_high_th": 1.3310000000000000e+00
}
