{
    "binary_th": 131.0,
    "contour_size_low_th": 0,
    "rect_ratio_low_th": 5.7100000000000006e-01,
    "rect_ratio_high_th": 1.8380000000000001e+00,
    "hammar_rect_contour_ratio_th": 1.2000000000000000e+00,
    "hammar_rect_center_div_low_th": 12,
    "hammar_rect_center_div_high_th": 80,
    "armor_rect_center_div_low_th": 2,
    "armor_rect_center_div_high_th": 10,
    "armor_contour_rect_div_low_th": 0.50000000000000000e-01,
    "armor_contour_rect_div_high_th": 1.6000000000000001e+00,
    "contour_center_area_low_th": 170.0,
    "contour_center_area_high_th": 391.0,
    "rect_center_ratio_low_th": 9.8299999999999998e-01,
    "rect_center_ratio_high_th": 1.2530000000000001e+00
}